путь	источник (URL)	дата	sha256	байт	что взято
comtech/Comtech-cdm-600-600L_3_manual.pdf	https://ai-sat.com/wp-content/uploads/2023/12/Comtech-cdm-600-600L_3_manual.pdf	2026-09-29	626f8bde56c6c24e4de128e6ac36a36447d7e9564959ccf3e8cea38f0f9aa13d	4460824	CDM-600/600L IOM rev.3: стр.47 (LDPC 1/2, 2/3, 3/4; модуляции), 49 («LDPC: 5 bit soft decision, proprietary»), 89 (меню LDPC), 126 (LDPC+BCH)
comtech/Comtech-cdm600L-manual.pdf	https://ai-sat.com/wp-content/uploads/2015/01/Comtech-cdm600L-manual.pdf	2026-09-29	257abf22b21f762ca02e23a41fedd24ac19d85b9e3e4abce8fb8fbe8fc291927	8217301	CDM-600L IOM (ранняя редакция; дубль сведений)
comtech/MN-CDM625A_rev4_skybrokers.pdf	https://sky-brokers.com/wp-content/uploads/2020/10/Operations-Maintenance-Manual-Comtech-EFData-Advanced-Satellite-Modem-CDM-625A.pdf	2026-09-29	55d4a4d01e918967c9ee49edca6f0a49de210b5f23b473b4080b3f2596a813db	13025928	CDM-625A IOM rev.4: прил. B стр.550–552 (режимы TPC/LDPC, задержки), 553 (VersaFEC табл. B-9, «existing LDPC … 16 kbits»), 555 (CCM 0.576/0.644, ULL), 556–558 (VersaFEC-2 табл. B-10/B-11), прил. M стр.689–699
comtech/MN-CDM760_rev4_skybrokers.pdf	https://sky-brokers.com/wp-content/uploads/2020/09/Operations-Maintenance-Manual-Comtech-EFData-High-Speed-Truncking-Modem-CDM760.pdf	2026-09-29	26f6d25f0c9b1546918057b48930b2dd9c5505620395d4f38b79ef32a2b9be3d	9410790	CDM-760 IOM rev.4: стр.32, 40 (DVB-S2, DVB-S2-EB1/EB2, S2X: скорости и модуляции; FECFrame 64800/16200; пилоты)
comtech/ds-CDM760.pdf	https://comtech.com/wp-content/uploads/2022/03/ds-CDM760.pdf	2026-09-29	ce2aab8e51afa4f33a0fe25b3ddbfd33b3e2979360e461519797134011c862b3	455955	даташит CDM-760
comtech/ds-cdm625A.pdf	https://comtech.com/wp-content/uploads/2022/03/ds-cdm625A.pdf	2026-09-29	74652348bbc409def513b389e55a6bbd1e5c1a6ff1a84574d7aca38af4020072	462570	даташит CDM-625A: скорости VersaFEC/ULL/CCM (второй источник к стр.555 IOM)
idirect/TechBrief-AdaptiveTDMA.pdf	https://www.idirect.net/wp-content/uploads/2020/03/TechBrief-AdaptiveTDMA.pdf	2026-09-29	fd6ab7e3e0465faf9976b901888ab30abd26b25ee6e0aa6b054c3449ddf852fe	588329	смежное: стр.8 — 2D 16-State FEC, полезная нагрузка 100/170/438 байт
datum/Datum_8QAM_Advantage_White_Paper.pdf	https://datumsystems.com/download/42/white-papers/204270/datum-8qam-advantage-8qam-8psk-performance-comparison	2026-09-29	10f1517752f715f9230486f094cd6a72f703b2c1c6c7db242c4df30c6d364249	510752	смежное: 8QAM против 8PSK
datum/Datum_FlexLDPC_White_Paper.pdf	https://datumsystems.com/download/42/white-papers/204272/unlocking-the-potential-of-ldpc-new-flexldpc-coding-from-datum-systems	2026-09-29	a0667069dcc3c774fbfa1be2781bd5bd83bb2cfe7c763ed4c2278f211b88dd4b	1028784	White Paper 2013 rev.B: стр.2 (TrellisWare F-LDPC), 3 (7 скоростей, 7 блоков, выкалывание чётности), 6 («Traditional LDPC» 16QAM 3/4 = 395 мс), 7 (таблица задержек), 9 (16/17)
datum/M7-M7L-Satellite-Modem_Datasheet.pdf	https://datumsystems.com/download/162/m7-datasheets/id:y-xUZIBQLIgAAAAAAAAc1w/M7-M7L-Satellite-Modem_Datasheet	2026-09-29	840bbaa1b9b4ab8b11dd6681a5ccdbd88f447702e3fd85a71485851dccaa3777	5829500	даташит M7
datum/M7D_M7LD_Demod_Datasheet.pdf	https://www.iktechcorp.com/media/pdf/M7D_M7LD_Demod_Datasheet.pdf	2026-09-29	75574ff6398a9b8b4f7bf49250fc049b4440f672b0c4fd7ceb6881ce2deebc6e	1051772	даташит M7D/M7LD
datum/M7LT_datasheet.pdf	https://sky-brokers.com/wp-content/uploads/2022/08/Datasheet-Datum-Systems-M7LT-L-band-Satellite-Terminal-Modular-Satellite-Modem.pdf	2026-09-29	6b41e7b127a2bd7ac350b8983d968258707149fca884b3686541946c8bd8018a	965525	даташит M7LT
datum/M7XC-Datasheet_IDU_ODU.pdf	https://datumsystems.com/download/159/m7xc-datasheets/id:y-xUZIBQLIgAAAAAAAAe_w/M7XC-Datasheet%20-%20IDU_ODU	2026-09-29	d2b5fd2e8d208fa69a26a019f301129f4eb0299d1cd4d28a5051fce764e3b074	1189888	даташит M7XC
datum/M7XC_3.0.8_MIB.zip	https://datumsystems.com/download/153/m7xc-downloads/id:y-xUZIBQLIgAAAAAAAAeBw/M7XC_3.0.8_MIB	2026-09-29	527889c6038df1ca4d0b17f1c4a220a6fc213cf3a52531a7025ca873fb72044c	69579	MIB M7XC 3.0.8: rxLdpcModcod (строки 6375–…: скорости LDPC-Gen2), rx/txLdpcBlock (2k/4k/8k/16k), скремблер off/asynchronous/fecFrameSynchronous
datum/M7XC_Appendix_E_ACM_Operation.pdf	https://datumsystems.com/download/151/m7xc/id:y-xUZIBQLIgAAAAAAAAcrA/M7XC_Appendix_E_ACM_Operation	2026-09-29	5be3d1e8d06a1b510e757f3de26fadbba5c14fab2c9c31296a09c09ade799392	352566	ACM: «FlexLDPC ACM»
datum/M7XC_Appendix_F_PtMP_VCM_ACM.pdf	https://datumsystems.com/download/151/m7xc/id:y-xUZIBQLIgAAAAAAAAfEA/M7XC_Appendix_F_Point_toMulti-Point_VCM_ACM_Operation	2026-09-29	421c433108027ae4cfd9065c67d841af7d23734466781768c94b2a117cc1bafc	1117542	смежное: сети точка–многоточка
datum/M7XC_Main_Manual_v4.5.pdf	https://datumsystems.com/download/151/m7xc/id:y-xUZIBQLIgAAAAAAAAeJQ/M7XC_Main%20Manual_v4.5	2026-09-29	72ecb10269a76f04690edb8cd4869833b8e1453b16ada9e356d03591aae1da6b	4620328	M7XC IOM v4.5: LDPC-Gen2, Segmented, DSSS
datum/M7_Main-Manual_0-12.pdf	https://datumsystems.com/download/149/m7/id:y-xUZIBQLIgAAAAAAAAcnQ/M7_Main-Manual_0-12	2026-09-29	d4c40c2ca99b240b735c867cb0c3fef131b23f12ea34107efb2ad5480ca0875b	4379025	M7 IOM: блоки 256…16k (0…6), скорости 1/2…16/17, скремблеры (FEC Sync)
datum/M7_Operations_Manual_skybrokers.pdf	https://sky-brokers.com/wp-content/uploads/2022/08/Operations-Manual-Datum-Systems-M7DM7LD-Demodulator.pdf	2026-09-29	116f4bce10ad80dcaf23cebeb4eac35ecefe8476665e58dd4f7d237cc3742f83	8935206	M7 IOM (копия): стр.32–34 (таблица режимов), 114/121 (блок, скорость, скремблер LDPC), 157–158 (скремблеры)
datum/PSM-500_Datasheet.pdf	https://datumsystems.com/download/163/end_of_life-datasheets/id:y-xUZIBQLIgAAAAAAAAdZA/PSM-500_Datasheet	2026-09-29	96d3f6cb9dd32eeaae2d4086176146037d02c2e8414fd8486e2ebb8bdee3ec4f	868727	даташит PSM-500
datum/PSM500_FEC_Modes_v1-8_Application_Guide.pdf	https://datumsystems.com/download/158/psm500/id:y-xUZIBQLIgAAAAAAAAdiA/PSM500_FEC_Modes_v1-8_Application_Guide	2026-09-29	1ed348cf5b1aff032e84706d0711a384e63f349ba77acca12be2003ec942b1f9	18681	таблица режимов FEC PSM-500 (код MTOCR), в т.ч. TPC Advanced 0.453-16k и т.п.
datum/M7XC_MIB/DATUM-M7XC-MODEM-MIB	из datum/M7XC_3.0.8_MIB.zip	2026-09-29	249e8c24f7b072d8410c4daa54953044e5e001c2cf470f460da6768617bc5c82	369521	распаковано
datum/M7XC_MIB/DATUM-M7XC-MODEM-NOTIF-MIB	из datum/M7XC_3.0.8_MIB.zip	2026-09-29	d32cb9d255defa515fbaa5d5b9df08ee16d952d0769f3b756f6b891a0f9ffeca	97439	распаковано
datum/M7XC_MIB/DATUM-REG-MIB	из datum/M7XC_3.0.8_MIB.zip	2026-09-29	7172ae80497bac2184f693386f8e6a11548e4b0fad6fddf14c270e64de48e738	4296	распаковано
paradise/PD55L_datasheet.pdf	https://sky-brokers.com/wp-content/uploads/2020/10/Datasheet-Paradise-Datacom-Teledyne-Evolution-series-Satellite-Modem-L-band-PD55L.pdf	2026-09-29	9da42d7096b4d95516052f5fde80218e3dc0b0cc3cd110df68b1d4ef9ef7c943	635192	даташит PD55L
paradise/Quantum_Evolution_Handbook_3.0.17_skybrokers.pdf	https://sky-brokers.com/wp-content/uploads/2020/10/Operations-Manual-Teledyne-Paradise-Datacom-Quantum-Evolution-series-Satellite-Modems.pdf	2026-09-29	2bc191712734df53d7b69611de4eac762fa7164ee4f7ed88a639535d4ffbebae	9375827	Quantum/Evolution Handbook 3.0.17: стр.59–61 (Conventional LDPC 1/2, 2/3, 3/4; FastLink; TPC Paradise 0.493/0.789/7/8/0.93), 238–240 (FastLink, табл. 8-1; «LDPC 16QAM 3/4 at 64kbps … 395ms»), 317 (спецификация)
paradise/q-flex_datasheet.pdf	https://www.cherry-white.co.uk/wp-content/uploads/teledyne/datasheets/q-flex.pdf	2026-09-29	d22f7bc7ef83d9f2aa9226c51cbb7324860c2b267c427b413e0c2fb1123a1b7e	291229	даташит Q-Flex
trellisware/11-04-0953-01.ppt	https://mentor.ieee.org/802.11/dcn/04/11-04-0953-01-000n-flexible-coding-for-802-11n-mimo-systems.ppt	2026-09-29	f2f397943d16d3150b131470e94312fbf501e608cd1e4d8fe532d50b5a829d47	418816	r1 того же доклада
trellisware/11-04-0953-02.ppt	https://mentor.ieee.org/802.11/dcn/04/11-04-0953-02-000n-flexible-coding-for-802-11n-mimo-systems.ppt	2026-09-29	fdfe90a76b2ba2087ed940f018009b2c263b24cfc949a33e24b2eb6efa1a7fa1	991232	r2 того же доклада
trellisware/11-04-0953-03.ppt	https://mentor.ieee.org/802.11/dcn/04/11-04-0953-03-000n-flexible-coding-for-802-11n-mimo-systems.ppt	2026-09-29	868403fdf6cd6886fe794d347b6ebd4c7aa70d5c2fb5253e597efba4c89ad751	923136	IEEE 802.11-04/0953r3 (TrellisWare): устройство F-LDPC, степени dv/dc (текст слайдов извлечён strings)
standarty/3GPP_TS_38.212_j40.zip	https://www.3gpp.org/ftp/Specs/archive/38_series/38.212/38212-j40.zip	2026-09-29	e3ee2ed97a38317ad1457ab27e3ab28dabc49fe4a92dbb6d3813a86254d6ef90	2112970	5G NR: п.5.3.2 базовые графы BG1/BG2, Zc; п.5.4.2 согласование скорости
standarty/ATSC_A322-2026-04_Physical_Layer.pdf	https://www.atsc.org/wp-content/uploads/2026/04/A322-2026-04-Physical-Layer-Protocol.pdf	2026-09-29	c5022941a0e0c2bef902d250ed171d23d6fe200910506281e8a32de1f13c68ac	7974526	ATSC 3.0: прил. A (A.1.1–A.1.12 на стр.PDF 150–161, A.2.1–A.2.12 на 162–166), табл. 6.x (перемежение, выкалывание L1)
standarty/CCSDS_130.1-G-3_TM_summary.pdf	https://ccsds.org/Pubs/130x1g3e1.pdf	2026-09-29	a5f7d1d5bb133ff200ef18920ee79ec46c09d9407f86fc9a6649022eaa9844b9	2181752	CCSDS Green Book: обзор кодов TM
standarty/CCSDS_131.0-B-5_TM_coding.pdf	https://ccsds.org/Pubs/131x0b5.pdf	2026-09-29	46e42acff79265c9e6b7b295cafcad77fcc3d142ea507feb257dbd043db370b0	1209839	CCSDS TM: стр.49–54 (C2 (8176,7156), подкод (8176,7154) → (8160,7136)), 54–58 (AR4JA, M, θ/φ, выкалывание последних M), 60 (CSM 1ACFFC1D / 034776C7272895B0)
standarty/CCSDS_131.1-O-2_LDPC.pdf	https://ccsds.org/Pubs/131x1o2e2s.pdf	2026-09-29	d9db1ebec390d90c2a249e720554907a8c7cb76aed8ccd9dea2381dd415cd880	1535627	CCSDS Orange Book LDPC (опытные коды)
standarty/CCSDS_231.0-B-4_TC_coding.pdf	https://ccsds.org/Pubs/231x0b4e1.pdf	2026-09-29	53088cc7c76f780acaa980eb9acf4fecb94748f56e24d43df8b2a792cf34f453	768039	CCSDS TC: стр.30–32 (LDPC (128,64), (512,256), Start/Tail Sequence CLTU)
standarty/CableLabs_CM-SP-PHYv3.1-I15-180926_DOCSIS31_PHY.pdf	https://account.cablelabs.com/server/alfresco/dd9392d5-a72f-42ac-8d66-df2d45e497c7	2026-09-29	b8ba9e351f1fe5b8547d57eb9b855c9005cce885e22a4f7a425b3d12777cc1c6	5634822	DOCSIS 3.1 PHY: коды (16200,14400) L=360, (5940,5040) L=180, (1120,840) L=56 — базовые матрицы; укорочение
standarty/ETSI_EN_301_545-2_v1.3.1_DVB-RCS2.pdf	https://www.etsi.org/deliver/etsi_en/301500_301599/30154502/01.03.01_60/en_30154502v010301p.pdf	2026-09-29	6720e0fa9fe6b1c3086f2a2af2cae3c59ba650d146a2805fdc8a48e1d1597cd7	2162067	смежное (турбокоды RCS2, для TCC)
standarty/ETSI_EN_302_307-1_v1.4.1_DVB-S2.pdf	https://www.etsi.org/deliver/etsi_en/302300_302399/30230701/01.04.01_60/en_30230701v010401p.pdf	2026-09-29	19077f80420eb17519fcf6f83e2847d7a877940b134c5306814b8c6f60d8475d	499949	DVB-S2: прил. B (табл. B.1–B.11, 64800), C (C.1–C.10, 16200)
standarty/ETSI_EN_302_307-2_v1.4.1_DVB-S2X.pdf	https://www.etsi.org/deliver/etsi_en/302300_302399/30230702/01.04.01_60/en_30230702v010401p.pdf	2026-09-29	72b013ca8ca957c26a8e5fc70d491fc5c49065d25ff56ab8ae86087f35664fdd	1786312	DVB-S2X: прил. B (B.1–B.24, 64800), C (C.1–C.7 16200, C.8–C.10 32400)
standarty/ETSI_EN_302_755_v1.4.1_DVB-T2.pdf	https://www.etsi.org/deliver/etsi_en/302700_302799/302755/01.04.01_60/en_302755v010401p.pdf	2026-09-29	976656af03f8ccad658a81045bcca00c85098c6b889ebf5edb58d2a664e6bac4	1985600	DVB-T2: прил. A (A.1–A.6, 64800), B (B.1–B.9, 16200)
standarty/ETSI_EN_302_769_v1.3.1_DVB-C2.pdf	https://www.etsi.org/deliver/etsi_en/302700_302799/302769/01.03.01_60/en_302769v010301p.pdf	2026-09-29	93b0da1f24cbb1fe11df96334b4151d0b387d9a79d9ee55a7e7fcdc149e9a1a1	1491624	DVB-C2 (LDPC те же семейства), смежное
standarty/ITU-R_BO.2098-0_UHDTV_sat.pdf	https://www.itu.int/dms_pubrec/itu-r/rec/bo/R-REC-BO.2098-0-201612-I!!PDF-E.pdf	2026-09-29	f73ff79a27a6c414147d5143fd107245785095d47e43378384aef7e044cfa3ab	1121743	ISDB-S3: стр.8 (LDPC длина 44880; TMCC LDPC (31680,9614)→(44880,22184))
standarty/ITU-T_G.9960_2009.pdf	https://www.itu.int/rec/dologin_pub.asp?lang=e&id=T-REC-G.9960-200910-T%21%21PDF-E&type=items	2026-09-29	5c9026f4e16cc28ce0a8b525325df4f961d280c64e4de23e1624447895aa2ce6	1380440	G.hn: стр.45–47 (QC-LDPC-BC, материнские коды 1/2, 2/3, 5/6, выкалывание до 16/18, 20/21)
standarty/ieee802.3bn_hajduczenia_3bn_01_0913.pdf	https://www.ieee802.org/3/bn/public/sep13/hajduczenia_3bn_01_0913.pdf	2026-09-29	9cb44752d2a66b5ac086f876a176b13d5248c3933568c6df61444a1b1a1279b2	266042	EPoC 802.3bn: коды LDPC как в DOCSIS 3.1 (второй источник размеров)
proverki/sverka_atsc.log	свой скрипт	2026-09-29	6ad7bd33c0b6126cb8832be0e2f2ea75b7bc5cce4a2f7b7ce4a7967250b629b3	1772	сверка (assert) / журнал прогона
proverki/sverka_atsc.py	свой скрипт	2026-09-29	271b77f303b36a8e1b0e8d7e715d40fdeee33223b82d589e5b1a86c43b0b290d	3160	сверка (assert) / журнал прогона
proverki/sverka_dvb_tablic.log	свой скрипт	2026-09-29	e3b4b982cca310c4d903e2e4fbc3b6c2b31bab2898fdb2ca326f53679bfa7354	3866	сверка (assert) / журнал прогона
proverki/sverka_dvb_tablic.py	свой скрипт	2026-09-29	ac003936dd72a0b101049f4ca121508ec3aeb52147b016f7d5804c4c6230afd3	4752	сверка (assert) / журнал прогона
proverki/sverka_fldpc.log	свой скрипт	2026-09-29	6873ef1338b177c2e7dbe9d663993215739c4482e4489e723043e359db1ca53c	1837	сверка (assert) / журнал прогона
proverki/sverka_fldpc.py	свой скрипт	2026-09-29	321c7c589d884b080577a8aa1879a4f38c7ecb0720499957122f1e8edfa41c74	9647	сверка (assert) / журнал прогона
proverki/sverka_modemy.log	свой скрипт	2026-09-29	4b2cb985de0558e1e2523a036ffb8d6b5ae86b0353e433c9339bace7c9847c96	2523	сверка (assert) / журнал прогона
proverki/sverka_modemy.py	свой скрипт	2026-09-29	cf5b03ec9c25fecb7c5764c0e126a65d331834ae8aa4cc838f6103877a6d79a4	7372	сверка (assert) / журнал прогона
patenty/US20050216819.pdf	https://image-ppubs.uspto.gov/dirsearch-public/print/downloadPdf/20050216819	2026-09-29	ba555c1bb5808f9ee70a34402b94b74d0f3d94c1b1ad067eaf9a1d30e9c389bf	1492236	полный текст — patenty/US20050216819.txt (ppubs.uspto.gov API)
patenty/US20050216819.txt	https://ppubs.uspto.gov (API patents/highlight)	2026-09-29	e7d0893f4058b8784af3b4d8369da51f15f96247707cc03a1a820e936600dd1c	85873	полный текст: заявка к US7958425
patenty/US20060031737.pdf	https://image-ppubs.uspto.gov/dirsearch-public/print/downloadPdf/20060031737	2026-09-29	f3bb5033b3b771f8db487a3afa6c3e57e3a79439dd464d4182a0f3f8e34fae6a	2721475	полный текст — patenty/US20060031737.txt (ppubs.uspto.gov API)
patenty/US20060031737.txt	https://ppubs.uspto.gov (API patents/highlight)	2026-09-29	4f6dad420ada77db7cc1af20f97f32855419b8378c3fc4836f46e961a87d08a3	155269	полный текст: заявка к US7673213
patenty/US20100162078.pdf	https://image-ppubs.uspto.gov/dirsearch-public/print/downloadPdf/20100162078	2026-09-29	e15e2c3d959b9afd5ce3f2e57631fd6b7e7b5fd06a53d648bd8ad4cb9eab3f94	1207974	полный текст — patenty/US20100162078.txt (ppubs.uspto.gov API)
patenty/US20100162078.txt	https://ppubs.uspto.gov (API patents/highlight)	2026-09-29	c82fc26fdb4265a68a031d8e38bf3e8093eef468be842eeff7ea308c817f38dc	63060	полный текст: Comtech EF Data, VersaFEC: табл.1 абз.[0053] (12 ModCod, блоки 2k–8.2k), [0049] (постоянное число символов, 1–9 кбит, систематический без перемежения), [0044] (преамбула: UW + ModCod)
patenty/US7107505.pdf	https://image-ppubs.uspto.gov/dirsearch-public/print/downloadPdf/7107505	2026-09-29	19009cb8c6ad90dcd80e56768c0e22e8658699c207da3df620f62a7608d66c85	1149724	полный текст — patenty/US7107505.txt (ppubs.uspto.gov API)
patenty/US7107505.txt	https://ppubs.uspto.gov (API patents/highlight)	2026-09-29	19c2e1895bb0abe73622a68c0007e8906663197d124c1a26ac3bad79f1a08b5d	48901	полный текст: Comtech AHA: сцеплённые TPC (для ТКБ)
patenty/US7353444.pdf	https://image-ppubs.uspto.gov/dirsearch-public/print/downloadPdf/7353444	2026-09-29	7983aff830bb9d28f552e400932500d5b3b1ac23a7aab16da7bedea136bd3a1b	1058495	полный текст — patenty/US7353444.txt (ppubs.uspto.gov API)
patenty/US7353444.txt	https://ppubs.uspto.gov (API patents/highlight)	2026-09-29	4f8b93c9413afa7debe52cce3e9e597d3b53996d4581c515f20925c5ac5f5978	54737	полный текст: Comtech AHA: архитектура декодера LDPC (блоки-перестановки), кода нет
patenty/US7356752.pdf	https://image-ppubs.uspto.gov/dirsearch-public/print/downloadPdf/7356752	2026-09-29	1c24c917e447fc3c00890017be59bf9851ce449c64f8494bbd1577d44e147b20	1068657	полный текст — patenty/US7356752.txt (ppubs.uspto.gov API)
patenty/US7356752.txt	https://ppubs.uspto.gov (API patents/highlight)	2026-09-29	7f87c82ddfc8e344fcad23ec905b9bcafac052ccdbec7d8904e5a2155ba8deb1	47394	полный текст: Comtech: eTPC — «гипердиагональная» дополнительная чётность (для ТКБ, «AC»?)
patenty/US7415659.pdf	https://image-ppubs.uspto.gov/dirsearch-public/print/downloadPdf/7415659	2026-09-29	8065a0684801d516bfcc548037f0f00eef7c422007e0cbadded7ac7ab72c0ed1	964054	полный текст — patenty/US7415659.txt (ppubs.uspto.gov API)
patenty/US7415659.txt	https://ppubs.uspto.gov (API patents/highlight)	2026-09-29	1c2b7e3b02d100bbeeefd303b8997ce9ac8a36b1844818902bcb099d09f82165	48991	полный текст: Comtech AHA: SISO декодер
patenty/US7584400.pdf	https://image-ppubs.uspto.gov/dirsearch-public/print/downloadPdf/7584400	2026-09-29	dc95eeb7de84fc6332eb1d543567225b3af4f9a64295b479dac407495cd74cdf	1018400	полный текст — patenty/US7584400.txt (ppubs.uspto.gov API)
patenty/US7584400.txt	https://ppubs.uspto.gov (API patents/highlight)	2026-09-29	f74fcfe81fd53031e542c76ddab84253836509cfd7d051377a6f39ed10491366	49066	полный текст: TrellisWare: IRA без конфликтов памяти (смежное)
patenty/US7673213.pdf	https://image-ppubs.uspto.gov/dirsearch-public/print/downloadPdf/7673213	2026-09-29	432cefbbeb404f0087b7492eee3c55cb51a9fe9d843e346a3ff845c06820ced8	2505044	полный текст — patenty/US7673213.txt (ppubs.uspto.gov API)
patenty/US7673213.txt	https://ppubs.uspto.gov (API patents/highlight)	2026-09-29	0b7683ecc1186bdc4b375221508494621175b2722712b7747ae897747e2c2e0c	138215	полный текст: TrellisWare: кодер 1500 F-LDPC — табл.37 (внешний 2-состоян.), 38–39 (DRP), 40 (J), 41 (аккумулятор), 42 (выкалывание), абз.(148)–(150) (перемежение 1367·i mod M, Грей)
patenty/US7793190.pdf	https://image-ppubs.uspto.gov/dirsearch-public/print/downloadPdf/7793190	2026-09-29	76ed71c0c92c157c1aeeff6e28d4f54347d52985c6a6fb05bb0dae38b9538453	921432	полный текст — patenty/US7793190.txt (ppubs.uspto.gov API)
patenty/US7793190.txt	https://ppubs.uspto.gov (API patents/highlight)	2026-09-29	428dfdfab56c7bfda0887b5e1f4753adff9c3a9496d18c151ccd21eb73a5987d	51907	полный текст: TrellisWare: перемежители GRA (смежное)
patenty/US7958425.pdf	https://image-ppubs.uspto.gov/dirsearch-public/print/downloadPdf/7958425	2026-09-29	cb5e14d9a6fcf085d96dd4c63465f5d47645ccf1d86efd893e3aa9115ee6cc06	1514758	полный текст — patenty/US7958425.txt (ppubs.uspto.gov API)
patenty/US7958425.txt	https://ppubs.uspto.gov (API patents/highlight)	2026-09-29	91898607a75c7415f7db73b0a813cd488b8fe6275e101578f1607aee6e590f8b	84656	полный текст: TrellisWare: кодер 600 (4-состоян., FlexiCode) — табл.1–36; табл.21–22 = табл.38–39 US7673213
patenty/US8824571.pdf	https://image-ppubs.uspto.gov/dirsearch-public/print/downloadPdf/8824571	2026-09-29	c05d940674a42595b3fbe654fec8e57556679db86b2bf34c01af8a0ab1500601	1311971	полный текст — patenty/US8824571.txt (ppubs.uspto.gov API)
patenty/US8824571.txt	https://ppubs.uspto.gov (API patents/highlight)	2026-09-29	00b53c3ba6c0b178c7d30885652d7dcb9557d415ac5c23c6fcc5279e7abb41c8	67955	полный текст: Comtech EF Data: нелинейный блоковый код ModCod в преамбуле (без таблиц)
otkrytyj_kod/FEC/	https://github.com/dshekhalev/FEC.git (коммит 717a94a7f2d989a1c253f04c50c4b49e093532cd, 2026-07-21; лицензия MIT)	2026-09-29	(каталог)		IP-ядра SystemVerilog: DVB-S2/S2X LDPC, NASA GSFC (8160,7136), WiMAX/3GPP LDPC, WiMAX BTC (ТКБ), CCSDS турбо, DVB-RCS duo-binary
otkrytyj_kod/dtmb-sdr/	https://github.com/ningzichun/dtmb-sdr.git (коммит ddcff4ff774d70a443992d026f31ff38e015ac8d, 2026-09-30; лицензия MIT)	2026-09-29	(каталог)		DTMB (GB 20600-2006): python/dtmb/data/dtmb_ldpc_rate{1,2,3}.alist — n=7493, k=3048/4572/6096
otkrytyj_kod/gr-dvbs2/	https://github.com/drmpeg/gr-dvbs2.git (коммит 99a2ac5592fa41e9c0f8f757995f3451ab8184a6, 2025-08-26; лицензия GPL-3.0)	2026-09-29	(каталог)		lib/ldpc_bb_impl.cc: таблицы DVB-S2/S2X (N/S/M) — третий источник сверки
standarty/IEEE_802.11-10-0433-02_TGad_CP_specification.docx	https://mentor.ieee.org/802.11/dcn/10/11-10-0433-02-00ad-cp-specification.docx	2026-09-30	0faddef3f5f1399b7cce8a51cff1521a81da4f47f8ad40f48add48de6dd2cc71	3675940	IEEE 802.11 TGad, 11-10/0433r2 «CP specification» (текст, ставший D0.1): 21.3.8, табл. 69–72 (матрицы LDPC 672: 1/2, 5/8, 3/4, 13/16; «Pi … shifting the columns to the right by i»), 21.5.3.2.2, 21.6.3.2.2 (систематический кодер c = (b, p))
standarty/IEEE_802.11-16-0676-01_TGay_LDPC_1344.pptx	https://mentor.ieee.org/802.11/dcn/16/11-16-0676-01-00ay-length-1344-ldpc-codes-for-11ay.pptx	2026-09-30	84e94f48474e320421414532633bcaa40502fcff075186315ed8285817f453c2	1639885	IEEE 802.11 TGay, 11-16/0676r1 (Samsung): слайды 5–8 — «11ad base matrix» (второй источник матриц 672) и матрицы подъёма 1344; слайд 18 — число 6-циклов L672 и L1344
standarty/IEEE_802.11-16-0692-00_TGay_SFD_LDPC_1344.docx	https://mentor.ieee.org/802.11/dcn/16/11-16-0692-00-00ay-proposed-sfd-text-on-code-matrices-for-length-1344-ldpc-codeword.docx	2026-09-30	ce54be1922d6a857dd6be2b572c94537d8cca8cfcac0762d54c5bc61b2318571	26047	IEEE 802.11 TGay, 11-16/0692r0: правило подъёма («0» → [[Pi, −], [−, Pi]], «1» → [[−, Pi], [Pi, −]]), табл. 2–5 — матрицы подъёма 1344
standarty/IEEE_802.11-16-1495-01_TGay_LDPC_7-8.pptx	https://mentor.ieee.org/802.11/dcn/16/11-16-1495-01-00ay-rate-7-8-ldpc-code-for-11ay.pptx	2026-09-30	5858fcf935628cff54c16a273abe183ba961c5e9604682a7da26090e4a4a885d	455843	IEEE 802.11 TGay, 11-16/1495r1 (Huawei): слайд 2 — 7/8 802.11REVmc = 13/16 без первых 48 бит чётности, слово 624
standarty/IEEE_802.11-17-1061-01_TGay_LDPC_1344_7-8.docx	https://mentor.ieee.org/802.11/dcn/17/11-17-1061-01-00ay-rate-7-8-1344-ldpc-code-matrix.docx	2026-09-30	2d971a85ed3ac563a5b8cf2c30d546ae5a00eee6a2a4e89ba3989412e6b44e3e	38560	IEEE 802.11 TGay, 11-17/1061r1 (Huawei): табл. 30 (подъём 3/4 для 7/8), табл. 31 — матрица 7/8 1344
patenty/US9106364.pdf	https://image-ppubs.uspto.gov/dirsearch-public/print/downloadPdf/9106364	2026-09-30	ed3e061132576daa714aa12d0df2bf7a461402652b78d32972da5a4ffbeeb2a6	1940933	полный текст — patenty/US9106364.txt
patenty/US9106364.txt	https://ppubs.uspto.gov (API patents/highlight)	2026-09-30	e172f93cddfcc5a2e04cc542c7ca3e50ad68441810b4e1bd993f49664f44e8ad	63567	полный текст: Comtech Mobile Datacom, HCW: «Comtech AHA LDPC», блок 8160 бит, скорости 0.4/0.5/0.9 (табл. 2) — режимы, матрицы нет
patenty/US20030033570.pdf	https://image-ppubs.uspto.gov/dirsearch-public/print/downloadPdf/20030033570	2026-09-30	e35d57a3a2feedac85e21e264a85f2813ce1eb55c41a92f2d268e3f33265bee2	697346	полный текст — patenty/US20030033570.txt
patenty/US20030033570.txt	https://ppubs.uspto.gov (API patents/highlight)	2026-09-30	ac41873f18b069f540f1fd7c4840ee2f284b95ac9fee5d6d0f3b5a66b6499b6d	36755	полный текст: Efficient Channel Coding (позже Comtech): LDPC со случайной расстановкой единиц, пример (32768, 30000) — конкретного кода нет
standarty/IEEE_802.11-10-0433-02_TGad_CP_specification.docx.txt	получено здесь	2026-09-30	6b9c14bc648f78a1172f0a62f292fbb865cfa07644440ebe44ba82e01ecdf397	782433	текст, извлечённый из файла того же имени (для поиска и сверок)
standarty/IEEE_802.11-16-0676-01_TGay_LDPC_1344.pptx.txt	получено здесь	2026-09-30	c9f082eb134d9d8ded351afb5fd60ee6ded46d9d82f71de2817b308bc0b137e1	14283	текст, извлечённый из файла того же имени (для поиска и сверок)
standarty/IEEE_802.11-16-0692-00_TGay_SFD_LDPC_1344.docx.txt	получено здесь	2026-09-30	20de03ef79e2ea840cf15ec75c7c1d8eb41d14bb03af6951c6031ebf1aeabf1b	3922	текст, извлечённый из файла того же имени (для поиска и сверок)
standarty/IEEE_802.11-16-1495-01_TGay_LDPC_7-8.pptx.txt	получено здесь	2026-09-30	fd19af64aeff20cfddc1a860f628408594ce3ad4f4936620eec946bbf086b585	11969	текст, извлечённый из файла того же имени (для поиска и сверок)
standarty/IEEE_802.11-17-1061-01_TGay_LDPC_1344_7-8.docx.txt	получено здесь	2026-09-30	632194424638371c222ffd7ab9afdb2ac55cda3589f1dcda44d293419ed4b139	2545	текст, извлечённый из файла того же имени (для поиска и сверок)
proverki/postroit_dvbs2x.py	получено здесь	2026-09-30	17b1182185c1690c113e388467e88afc76c81f569a5e3972ea3782d7b2b10d95	13473	построение таблиц встроенных кодов из источников (с assert; пишет src/reportgen/potok/data/ldpc_*.json)
proverki/postroit_dvbs2x.log	получено здесь	2026-09-30	da099dc33fbbdd22e00e8c1f0be3126c2ebfc24de9d55c0a578fc419fa9bd923	956	построение таблиц встроенных кодов из источников (с assert; пишет src/reportgen/potok/data/ldpc_*.json)
proverki/postroit_80211ad.py	получено здесь	2026-09-30	d69d494db923cdab7c3984908d03e036ae7155837b6ce717fbbda785665a6ea1	14840	построение таблиц встроенных кодов из источников (с assert; пишет src/reportgen/potok/data/ldpc_*.json)
proverki/postroit_80211ad.log	получено здесь	2026-09-30	7f29e9848139dfd9eda47a57c86bdada390bcdaef45eee24af49a295c5c0f64f	1289	построение таблиц встроенных кодов из источников (с assert; пишет src/reportgen/potok/data/ldpc_*.json)
