tcc/ccsds/CCSDS_131.0-B-5.pdf	https://ccsds.org/Pubs/131x0b5.pdf	2026-09-29	46e42acff79265c9e6b7b295cafcad77fcc3d142ea507feb257dbd043db370b0	1209839	PDF document, version 1.6 (zip deflate e
tcc/ccsds/CCSDS_130.1-G-3.pdf	https://ccsds.org/Pubs/130x1g3e1.pdf	2026-09-29	a5f7d1d5bb133ff200ef18920ee79ec46c09d9407f86fc9a6649022eaa9844b9	2181752	PDF document, version 1.6 (zip deflate e
iess/TEC-GR-SS-IDR-001-04-NOV-06.pdf	https://www.tec.gov.in/pdf/GR3/TEC-GR-SS-IDR-001-04-NOV-06.pdf	2026-09-29	56c762cd5a9c0ae4421e129beb662230e537040f23eb71f2be77acb26f21756d	401916	PDF document, version 1.5, 32 page(s)
iess/ETSI_ETR_192.pdf	https://www.etsi.org/deliver/etsi_etr/100_199/192/01_60/etr_192e01p.pdf	2026-09-29	9e89a2142d7b94f9324b648864846d573ba045b522aa41ffad7a9bdf96a45fbe	274335	PDF document, version 1.3, 7 page(s)
rs/ETSI_EN_300_421_v1.1.2_DVB-S.pdf	https://www.etsi.org/deliver/etsi_en/300400_300499/300421/01.01.02_60/en_300421v010102p.pdf	2026-09-29	ffb4467c8f730f957fd41223b212824fde7f645d1d7dae287849060442286c41	368296	PDF document, version 1.3, 20 page(s)
trellis/ETSI_EN_301_210_v1.1.1_DSNG.pdf	https://www.etsi.org/deliver/etsi_en/301200_301299/301210/01.01.01_60/en_301210v010101p.pdf	2026-09-29	6cacd220750104aa49d35024e4fa65372e8ccd81f0aa504a6ea20869cde86c34	148619	PDF document, version 1.3, 22 page(s)
tcc/dvb-rcs/ETSI_EN_301_790_v1.5.1_DVB-RCS.pdf	https://www.etsi.org/deliver/etsi_en/301700_301799/301790/01.05.01_60/en_301790v010501p.pdf	2026-09-29	7402347ef05518ffd7f4fb1bd0c0286cc8b42d8280d284437936311bab1913e9	1533998	PDF document, version 1.5, 58 page(s)
tcc/dvb-rcs/ETSI_EN_301_545-2_v1.3.1_DVB-RCS2.pdf	https://www.etsi.org/deliver/etsi_en/301500_301599/30154502/01.03.01_60/en_30154502v010301p.pdf	2026-09-29	6720e0fa9fe6b1c3086f2a2af2cae3c59ba650d146a2805fdc8a48e1d1597cd7	2162067	PDF document, version 1.7 (zip deflate e
tcc/3gpp/ETSI_TS_125_212_v17.0.0_UMTS.pdf	https://www.etsi.org/deliver/etsi_ts/125200_125299/125212/17.00.00_60/ts_125212v170000p.pdf	2026-09-29	a10eb11623c397575734b1d265f762276f971a1553e382dfb8392ef7b1c8a3b7	1251512	PDF document, version 1.7 (zip deflate e
tcc/3gpp/ETSI_TS_136_212_v17.1.0_LTE.pdf	https://www.etsi.org/deliver/etsi_ts/136200_136299/136212/17.01.00_60/ts_136212v170100p.pdf	2026-09-29	ce898068ef4ab35e1cf3d99439ea607182b68ad8bae1de17cb73e7c0798e3738	2090491	PDF document, version 1.7 (zip deflate e
comtech/MN-CDM600L_ai-sat.pdf	https://ai-sat.com/wp-content/uploads/2015/01/Comtech-cdm600L-manual.pdf	2026-09-29	257abf22b21f762ca02e23a41fedd24ac19d85b9e3e4abce8fb8fbe8fc291927	8217301	PDF document, version 1.4, 5 page(s)
prochie/comblock_com1010_conv_encoder.pdf	https://www.comblock.com/download/com1010.pdf	2026-09-29	3509f9a36ca447ae57648beb11bf7fa00cbb0e913184bab0790059ea385ba7f5	140620	PDF document, version 1.4, 25 page(s)
prochie/arxiv_1803.09622_VSAT_BER.pdf	https://arxiv.org/pdf/1803.09622	2026-09-29	d1ba08ece2370f3d41211c0c1b8ac09f5ae9353ebfc4a23920adf1aca9a6142f	392742	PDF document, version 1.7, 5 page(s)
comtech/MN-SDM300L3_r0_disitron.pdf	https://disitron.com/manuals/mn-sdm300l3_r0.pdf	2026-09-29	7e0dd7cbc2628c8577f36107a838fcf016baf32a11b134228ccdd40f69e46976	5285805	PDF document, version 1.4, 29 page(s)
comtech/SDM-300-A_satcom-services.pdf	https://satcom-services.com/Comtech/PDF/SDM-300-A.pdf	2026-09-29	b6a4519f55e1e874ec28fac96ba65134aaab2266c816cb366ed5cf2e77e59838	575273	PDF document, version 1.6, 2 page(s)
ssk/NASA-CR-188997_error_control_techniques.pdf	https://ntrs.nasa.gov/api/citations/19920002010/downloads/19920002010.pdf	2026-09-29	472db4f12c09ccd403fc7f819f066aa90dff5b5b37ed216a097fa5592b02143f	4488307	PDF document, version 1.6, 107 page(s)
ssk/US4710746_sequential_systematic.pdf	https://image-ppubs.uspto.gov/dirsearch-public/print/downloadPdf/4710746	2026-09-29	b83bee133a0aba1a2ab8e2fd0aa245f488684a99e2def7a094e3c3e8382bf4fb	603702	PDF document, version 1.2, 12 page(s)
ssk/US4797887_sequential.pdf	https://image-ppubs.uspto.gov/dirsearch-public/print/downloadPdf/4797887	2026-09-29	831d2d29f997db3f0606254340f183f4c9b03dda70906f7a5692fb9a5ec93889	1003529	PDF document, version 1.2, 23 page(s)
paradise/PD10-IF_satcom-services.pdf	https://satcom-services.com/ParadiseDatacom/PDF/PD10-IF.pdf	2026-09-29	940de5210e48a9d3e74982491d2590a84239cceaf56f731a6789b42a1680101c	444635	PDF document, version 1.4, 4 page(s)
paradise/PD25-IF_ai-sat.pdf	https://ai-sat.com/wp-content/uploads/2016/01/Paradise-PD25-Satellite-modem.pdf	2026-09-29	b47db9fc5f749a1147e71260438c9093c859ff174b76de1858ee9826a5214caf	318998	PDF document, version 1.4, 5 page(s)
datum/man-mdm-psm4900L-rs.pdf	https://www.satellite-bandwidth.net/NewEra-2015/equipment-manuals/datum/man-mdm-psm4900(l)-rs.pdf	2026-09-29	498b8d37eab80316c4e817e30d6142f2fec929ae9def225f01fdb5dfe2b8e6e3	93114	PDF document, version 1.2, 36 page(s)
tcc/ieee802/C80216a-02_59.pdf	https://www.ieee802.org/16/tga/contrib/C80216a-02_59.pdf	2026-09-29	29cc85a4ce8ad0eafdb1f787e91e7d3308433119c0056f0c82c40876759df190	132949	PDF document, version 1.4, 10 page(s)
tcc/ieee802/802163c-01_14.pdf	https://www.ieee802.org/16/tg3/contrib/802163c-01_14.pdf	2026-09-29	1bd0f81820049eff0741b833af30089e07cdc83df5e714d64ff6da5121a05424	29496	PDF document, version 1.3, 0 page(s)
tcc/ieee802/C80216d-04_23.pdf	https://www.ieee802.org/16/tgd/contrib/C80216d-04_23.pdf	2026-09-29	710e0fe3df0276e495004e5d14f01ba482efdb4e1bf27c7248e0ca7e91386a0f	1368783	PDF document, version 1.5, 26 page(s)
tcc/ieee802/C80216d-04_74r3.pdf	https://www.ieee802.org/16/tgd/contrib/C80216d-04_74r3.pdf	2026-09-29	5898df91e41effb309611b0d3bfe5e1c64bb19cb59cdda34e52c731d322a8759	1328767	PDF document, version 1.5, 43 page(s)
mil/MIL-STD-188-165B_everyspec.pdf	https://everyspec.com/MIL-STD/MIL-STD-0100-0299/download.php?spec=MIL-STD-188_165B.055806.pdf	2026-09-29	39003dad7c51ff6ca228d654a4f64933e789e7835ee9d5d506839d6d74460264	1844029	PDF document, version 1.7 (zip deflate e
trellis/US5757856_8PSK_pragmatic_differential.pdf	https://patentimages.storage.googleapis.com/cf/86/27/a7c854f691f1b1/US5757856.pdf	2026-09-29	348e16ac1fa9cea5d78e3c81c70c6594445db6c51d334197d6569be7827c5194	757160	PDF document, version 1.3, 9 page(s)
prochie/RU2317641C2.pdf	https://patentimages.storage.googleapis.com/53/62/67/cd1d861de99351/RU2317641C2.pdf	2026-09-29	093f7f0b9c975b08f6d04ad305222fcb40efbda85ed3f1cb3519bdbb39f356fe	1031016	PDF document, version 1.3, 14 page(s)
prochie/RU2317641C2_google_patents.html	https://patents.google.com/patent/RU2317641C2/ru	2026-09-29	42d236973982e92a30a03f759b3d10a3bdedd69ca7c0b1596c723e905460a19f	118219	HTML document, Unicode text, UTF-8 text,
ssk/tekhnosfera_avtoreferat_Fano_RNIIRS_2003.html	https://tekhnosfera.com/issledovanie-i-razrabotka-sposobov-povysheniya-proizvoditelnosti-posledovatelnogo-dekodirovaniya-svertochnyh-kodov-na-pri	2026-09-29	5696b81dc6063fc145e8d3f56bc8ec4143cedb36c027bf37f145f35908ce8be5	159945	HTML document, Unicode text, UTF-8 text,
comstream/Radyne-Comstream-CM701-manual.pdf	https://ai-sat.com/wp-content/uploads/2015/04/Radyne-Comstream-CM701-manual.pdf	2026-09-29	10ebcdea254e2ce8af442a13575c834529f5729f07d53f2551e980df9c2777b2	3765375	PDF document, version 1.4, 86 page(s)
paradise/P300_P400_compatibility_notes.pdf	http://newerasystems.net/manuals/paradise/man-mdm-p300-p400-compatability.pdf	2026-09-30	a2ea3761ea9df8a81d9fdf99980e394198d4d71aab17d6ad4e09a6f47fbc8b83	42162	PDF document, version 1.2, 10 page(s)
